username,password,group,nologin,sudo
aarav.sharma,aarav@123,dev,true,false
vivaan.gupta,vivaan@123,dev,true,false
aditya.verma,aditya@123,dev,true,false
arjun.singh,arjun@123,dev,true,false
rohan.mehta,rohan@123,dev,true,false
karan.malhotra,karan@123,dev,true,false
siddharth.joshi,siddharth@123,dev,true,false
rahul.yadav,rahul@123,dev,true,false
amit.kumar,amit@123,dev,true,false
vikram.chauhan,vikram@123,dev,true,false
nikhil.agarwal,nikhil@123,dev,true,false
manish.tiwari,manish@123,dev,true,false
deepak.rawat,deepak@123,dev,true,false
ankit.bisht,ankit@123,dev,true,false
harsh.pandey,harsh@123,dev,true,false
gaurav.negi,gaurav@123,dev,true,false
saurabh.mishra,saurabh@123,dev,true,false
pankaj.bhatt,pankaj@123,dev,true,false
varun.kapoor,varun@123,dev,true,false
mohit.saxena,mohit@123,dev,true,false
abhishek.dubey,abhishek@123,dev,true,false
kunal.thakur,kunal@123,dev,true,false
yash.rathore,yash@123,dev,true,false
tarun.bansal,tarun@123,dev,true,false
sachin.patel,sachin@123,dev,true,false
ananya.reddy,ananya@123,intern,false,false
priya.nair,priya@123,intern,false,false
sneha.iyer,sneha@123,intern,false,false
pooja.kulkarni,pooja@123,intern,false,false
neha.sinha,neha@123,intern,false,false
riya.chopra,riya@123,intern,false,false
kavya.menon,kavya@123,intern,false,false
divya.pillai,divya@123,intern,false,false
shreya.desai,shreya@123,intern,false,false
isha.bhatia,isha@123,intern,false,false
anjali.rana,anjali@123,intern,false,false
nisha.jain,nisha@123,intern,false,false
komal.arora,komal@123,intern,false,false
sakshi.goyal,sakshi@123,intern,false,false
tanvi.shah,tanvi@123,intern,false,false
meera.krishnan,meera@123,intern,false,false
aditi.joshi,aditi@123,intern,false,false
simran.kaur,simran@123,intern,false,false
pallavi.rao,pallavi@123,intern,false,false
swati.mahajan,swati@123,intern,false,false
bhavna.dutta,bhavna@123,intern,false,false
ritika.sethi,ritika@123,intern,false,false
payal.bose,payal@123,intern,false,false
megha.chandra,megha@123,intern,false,false
jyoti.pant,jyoti@123,intern,false,false
rajesh.khanna,rajesh@123,admin,false,true
suresh.nautiyal,suresh@123,admin,false,true
mahesh.bhandari,mahesh@123,admin,false,true
dinesh.rautela,dinesh@123,admin,false,true
ramesh.joshi,ramesh@123,admin,false,true
anil.kandpal,anil@123,admin,false,true
sunil.karki,sunil@123,admin,false,true
vinod.bora,vinod@123,admin,false,true
mukesh.pathak,mukesh@123,admin,false,true
ashok.mehra,ashok@123,admin,false,true
sanjay.dobhal,sanjay@123,admin,false,true
pradeep.uniyal,pradeep@123,admin,false,true
naveen.panwar,naveen@123,admin,false,true
ravi.shankar,ravi@123,admin,false,true
hemant.lohani,hemant@123,admin,false,true
lalit.pande,lalit@123,admin,false,true
girish.chandola,girish@123,admin,false,true
bharat.adhikari,bharat@123,admin,false,true
devendra.rawal,devendra@123,admin,false,true
kailash.upreti,kailash@123,admin,false,true
mohan.bisht,mohan@123,admin,false,true
jagdish.koranga,jagdish@123,admin,false,true
narendra.pant,narendra@123,admin,false,true
prakash.fartyal,prakash@123,admin,false,true
vijay.kothari,vijay@123,admin,false,true